/************* Task 1 **********************************************************/
/* i. Заполнить все таблицы БД vk данными (по 10-100 записей в каждой таблице) */
/*******************************************************************************/
-- Generation time: Thu, 13 Aug 2020 17:17:05 +0000
-- Host: mysql.hostinger.ro
-- DB name: u574849695_23
/*!40030 SET NAMES UTF8 */;
/*!40101 SET @OLD_CHARACTER_SET_CLIENT=@@CHARACTER_SET_CLIENT */;
/*!40101 SET @OLD_CHARACTER_SET_RESULTS=@@CHARACTER_SET_RESULTS */;
/*!40101 SET @OLD_COLLATION_CONNECTION=@@COLLATION_CONNECTION */;
/*!40103 SET @OLD_TIME_ZONE=@@TIME_ZONE */;
/*!40103 SET TIME_ZONE='+00:00' */;
/*!40014 SET @OLD_UNIQUE_CHECKS=@@UNIQUE_CHECKS, UNIQUE_CHECKS=0 */;
/*!40014 SET @OLD_FOREIGN_KEY_CHECKS=@@FOREIGN_KEY_CHECKS, FOREIGN_KEY_CHECKS=0 */;
/*!40101 SET @OLD_SQL_MODE=@@SQL_MODE, SQL_MODE='NO_AUTO_VALUE_ON_ZERO' */;
/*!40111 SET @OLD_SQL_NOTES=@@SQL_NOTES, SQL_NOTES=0 */;

DROP TABLE IF EXISTS `users`;
CREATE TABLE `users` (
  `id` bigint(20) unsigned NOT NULL AUTO_INCREMENT,
  `firstname` varchar(50) COLLATE utf8_unicode_ci DEFAULT NULL,
  `lastname` varchar(50) COLLATE utf8_unicode_ci DEFAULT NULL COMMENT 'Фамиль',
  `email` varchar(120) COLLATE utf8_unicode_ci DEFAULT NULL,
  `password_hash` varchar(100) COLLATE utf8_unicode_ci DEFAULT NULL,
  `phone` bigint(20) unsigned DEFAULT NULL,
  PRIMARY KEY (`id`),
  UNIQUE KEY `email` (`email`),
  UNIQUE KEY `phone` (`phone`),
  KEY `users_firstname_lastname_idx` (`firstname`,`lastname`)
) ENGINE=InnoDB AUTO_INCREMENT=101 DEFAULT CHARSET=utf8 COLLATE=utf8_unicode_ci COMMENT='юзеры';

INSERT INTO `users` VALUES ('1','Asia','Haley','ischowalter@example.net','c2fa316e428d2cdf37a019cde526437ca0e2fcff','79227118553'),
('2','Alexys','Little','maye54@example.org','e6180a870f183dcc5ce5a73d9c9cc925f93aa430','79259947009'),
('3','Andy','Powlowski','breanne.batz@example.net','77e33686e093a5dc7a50e88edf53572ab4897045','79573427591'),
('4','Domenica','Swaniawski','ilene64@example.net','d5ede5daf2c743cc101c1803eb4b8cf122489cb6','79156971984'),
('5','Jarvis','Dibbert','kendra.kemmer@example.net','95b25b96a44c4efb53ea21d1e5eef8c0291a357d','79393049184'),
('6','Curt','Hettinger','johnpaul.marks@example.net','34699e0ddcb75c39b927b7d8cb734ce001afc246','79482826892'),
('7','Kaley','Lubowitz','madalyn57@example.org','3fb265d4c70f5d86a0566f6cbf53890a50cbeda6','79798161955'),
('8','Dariana','Walker','lnienow@example.net','10f885f88a8c69fd1483b95ba8b0b501ce7d83b4','79377545593'),
('9','Raina','Hartmann','ljones@example.net','dacaef7eeda731744799cab36fb306ee0d6ab0ec','79971702864'),
('10','Emiliano','Hilll','juliet.greenfelder@example.org','0ee905f8a28a6c104c406fbae1b69d0d3c6180f3','79822859956'),
('11','Trevor','Herzog','keeley.mccullough@example.org','ae527d9a640ec0ca897498f92a884f4f650ced87','79409831346'),
('12','Bulah','Runte','orn.brandi@example.com','814cc5c90eb075b3b5f45eb6f3d143348863e914','79986688462'),
('13','Hellen','Kihn','pauline71@example.org','c0d14c76d14f0af1c5ed8257dc4950c5cde4f899','79994512642'),
('14','Lorena','Schoen','aida09@example.com','5aa72dc7c180ede2f36612678fc62dde16c45410','79671672644'),
('15','Wilhelmine','McClure','wbednar@example.net','1692a82d56dc42f110682727ad95fafae2edffe1','79878535583'),
('16','Seth','Huels','hortense26@example.org','4cfe8218fb148886edcb703b66840fa2b5acadf8','79948822514'),
('17','Randy','Mante','ward.ambrose@example.com','36d76ce9eaf10472f38bbad0713dba9b6fb1b447','79091117972'),
('18','Astrid','Kiehn','ejerde@example.com','d0ed0d890b745f5a8d9283998435b65b4b84c43c','79122189534'),
('19','Sigrid','Rippin','volkman.cletus@example.org','a39443e3d10556779b53b89b3c6a974b1dc6cb41','79335134579'),
('20','Dalton','Langworth','loren.pacocha@example.org','f14159612c08157c2d7660db293a579a5b49bd25','79667493522'),
('21','Tierra','Mann','odessa.batz@example.com','0ba89e6052cc675e6f15d1d536a55c58b32ae295','79441501217'),
('22','Bobbie','Murphy','korey.little@example.com','17e4a113eddc658016116517e2154fa4b9c8a255','79825231714'),
('23','Kenyon','McLaughlin','pkoch@example.net','8f1e5f728f2de96b04c141d00ffe3f9900c6b67e','79789303726'),
('24','Holden','Block','ezekiel.gleichner@example.com','bf9dbf1d8e032847e072c5bef14718604439c9d6','79602180777'),
('25','Antonio','Stokes','jace.bartoletti@example.org','ec4884f147579387d741091a0c1240d20de79858','79017255963'),
('26','Kaylin','Cole','predovic.brennon@example.net','b3fa1aa0deaddebd745a8ccb7b1f4505e60e1cee','79015637785'),
('27','Vanessa','Gutkowski','katharina.doyle@example.org','f4fd50e33eb8a5a65c17f05d6415f8e0a2858af5','79661425362'),
('28','Cecil','Johnston','hrowe@example.org','6c73ab7f0a265d5877b83b5b877a056e10dff3aa','79796450911'),
('29','Hilario','Gusikowski','malvina.wuckert@example.net','36c78957b92511a184c1532c20e43244b64e92de','79093484635'),
('30','Simeon','Reynolds','tbeer@example.net','1b16af62c67b2692d288e06006d8a6076fb4397b','79783756542'),
('31','Genoveva','Tremblay','vonrueden.sammy@example.org','36745b507de006957c1e393b4c9f145233817d01','79041242487'),
('32','Marcel','Tromp','joshuah.okuneva@example.org','c5ebf613745044ddb36f3b3fd9d030578ef37fbb','79944435077'),
('33','Ezequiel','Thompson','katelin67@example.net','b40ad15703c1a4212d93cf660dd8f6eaa2db7c69','79014023199'),
('34','Janiya','Upton','zhahn@example.org','5253175438e95e7da767bdd9df3123eae5047d7e','79949191025'),
('35','Benton','Simonis','jonas.bednar@example.net','3b5b0bb7f696760f70b448c795a56b52648bcfa2','79529862184'),
('36','Carey','Heaney','berdman@example.net','68ffd42ffeb35f8c02ea8391eb64bc3dd2082f32','79244008391'),
('37','Lurline','Satterfield','abagail.hane@example.com','a2e1a585591b0150fee4c5573a17ca114c102006','79326706718'),
('38','Carrie','Mosciski','xbechtelar@example.com','51e2c5cb9cea87b25bf0fc9960eed32c29c01b08','79337747144'),
('39','Edwina','Weimann','janet15@example.net','0f298e6b0482547c46e1442fa24645933e139d1a','79302006723'),
('40','Kaycee','Keebler','nmueller@example.org','d6f92e71459b5694e819781f51955f7719f0a323','79857415294'),
('41','Elinor','Mills','nicolas.rosa@example.net','6c83f5f57b026e37a16e6faa685877003b3efc7b','79208972395'),
('42','Maudie','Medhurst','clarabelle34@example.com','f9a258c06d5637e8b16af3784407364f55f7e31e','79926676461'),
('43','Clinton','Rath','turcotte.margaret@example.net','cc834ddd4f9d88bf64052b36f6e435ce6506e9e1','79950535649'),
('44','Aryanna','Walter','stroman.melany@example.net','c801710f31b1654779f372d5d896eec2dbfc622f','79329541263'),
('45','Philip','Hane','white.tianna@example.net','53a732596e7e1781bb86e80943fb755e8e3d7ba2','79670739704'),
('46','Janae','Ernser','angelina05@example.org','da8fc36ef659113dc3f413f93a7b7298a6f39b68','79386165834'),
('47','Eldridge','Powlowski','marlene19@example.org','92662c2bab86e93d76fec1194a9f1e7242d7b591','79394842346'),
('48','Sam','Morar','bert.sipes@example.org','395377a58c84f6472be0aca436fb8d590f48c601','79663011119'),
('49','Amiya','Hartmann','clarkin@example.com','cd8c4761842d6a61df4a8a9873c3c99cef585dfa','79744660913'),
('50','Priscilla','Thiel','aletha71@example.org','fcbb21ccdd6794e4b0b057c1e1453fbdcbba828b','79716421291'),
('51','Jeanne','Koch','xlockman@example.com','a1b2f467ea70a2f7e2d99fa2e2320bd4795dfb4d','79132533760'),
('52','Rudy','Greenholt','marilou06@example.net','970705e31e5eb97c5f3ef7565f248b981204ac57','79020485576'),
('53','Lavon','O\'Conner','lucas.trantow@example.com','d71eacdd10ca249520d7c623f1e4d5eb0b2b3918','79527720117'),
('54','Erin','Hamill','stracke.alexa@example.org','8872a8a895b2e3a1e565ba21b01cab63e0f5b112','79041450871'),
('55','Creola','Swaniawski','tina.waters@example.com','c9ee58f51a99be2d110b8efa5e8a8cc2ec7cc62c','79568539799'),
('56','Oleta','Satterfield','tillman.athena@example.org','b9a44e3e14de82b43d362999663a300f00191d98','79830207694'),
('57','Weldon','Mohr','richmond.casper@example.net','89a9efb3fee5d1ef0d7feb9dba72afeb30085951','79860277841'),
('58','Oscar','Grady','tmaggio@example.net','fd83c27497bb489bd8ff115823bf20784e910217','79173540414'),
('59','Evan','Kautzer','forrest00@example.net','44d180ad2f246a5f911ae0b933f7738a21bfae74','79042442175'),
('60','Osvaldo','Hessel','kuhic.malvina@example.net','863ffe2213587f553f623df742af18eb0fb46219','79947587579'),
('61','Nedra','Spencer','athena96@example.com','d4d3f38f3ab3f5baabaf8ee823989fe6608abd7e','79857447767'),
('62','Eladio','Kuvalis','mara.harber@example.net','92264719544ac8f104bc0b4af4e846c91dc1e21d','79466581922'),
('63','Myrtie','Lang','dooley.camryn@example.org','f786654e31bd0c45e91e4fab5613b04b7eafbfe1','79724260638'),
('64','Pasquale','Jenkins','zwilderman@example.net','715c39dad1b94bd1a594ccc6b53c1474bda423e0','79275130876'),
('65','Anissa','Muller','ntorphy@example.org','fe41875143357c3f6993ab71979bce4d68ed911e','79508057386'),
('66','Florian','Marvin','rodger.price@example.com','46c70c08d89f5e715c6fb790fb97df00bbb127d3','79265008987'),
('67','Antoinette','Kozey','kenyatta60@example.org','7f92058c8e715b0a4400fc0f6d47f39f36abf22e','79167555139'),
('68','Chelsea','West','eliza23@example.com','e5b70e9ad537dc4a72da1d4a8bab0b846f869ffa','79051805947'),
('69','Pat','Boyle','treutel.leda@example.net','dab52dc296d5d1bd8aaf11e0004c21905acb75cc','79386964736'),
('70','Damon','Fay','shanel01@example.net','a7b218aeb1de82f2aa27ace3b0984e2ed3e848bf','79825732843'),
('71','Isai','Parisian','nova41@example.net','f195b17cc70d4ac35d7d12b1d70df4fb49c7532e','79455539429'),
('72','Elias','Towne','fhudson@example.net','f996fe57a1ab861757e828c937ab862977510d57','79283588749'),
('73','Marilyne','Blanda','vincent.ankunding@example.net','66cf062efebfff9f5b204e3339684bbdf9e0dadc','79837583745'),
('74','Estrella','Stokes','luz.anderson@example.net','c0f429a4218de73ff5a0ddbb73e3a939e5f3ffb5','79446314026'),
('75','Estelle','Marks','lspencer@example.org','8e2ca40225a91fb8a32fc18bf2b5f0e3853afa1d','79516194726'),
('76','Kyler','Will','leffler.shanie@example.org','263a48f94f7049f387d13b57dc245fcf7d3fc5d3','79329402696'),
('77','Judge','Medhurst','blanca47@example.net','eb8a224b71a64899334e099aa37e3995badd3f14','79606939208'),
('78','Ila','Sipes','aglae.dibbert@example.org','48c126a9cff81d8dacf74e2f4dd238b5db591d83','79739183949'),
('79','Matilda','Hackett','freeda.langworth@example.org','6984581e3668d0fd3f638b995f47b21aa3feac6b','79387251841'),
('80','Laney','Balistreri','hermiston.zola@example.org','ea8baeff237375a34a156106077bde7a3655fcf5','79354825276'),
('81','Rickie','McDermott','noemi73@example.org','65dc08841d2e05db62477ae28cfb81d57af15a55','79601147113'),
('82','Misty','Spinka','thickle@example.net','6cb96018b6fef7b589b1db954489781f9d37cc08','79073174022'),
('83','Antonia','Hackett','dicki.ali@example.com','99561442ba325ca7374dc3a0c5f51fbac74de5aa','79087013320'),
('84','Alexane','Dicki','silas.heidenreich@example.com','e029bbf7057aabfc485254acbfbfc5cccbe5be9c','79630869081'),
('85','Joelle','Weimann','gratke@example.org','fc0f3f571eadbf05193c9ef0cd94dc8722bc2fda','79096480303'),
('86','Ernestina','Hettinger','mmarquardt@example.org','e4db0b7460bf743491d114c190c6b69e85ff3198','79620573615'),
('87','Carson','Kerluke','hackett.maverick@example.org','0261f2561d6b580e9d74b64fa3fc46ce4a5d5e30','79234323160'),
('88','Guy','Rempel','yost.stephanie@example.com','0418d09ace5081f194432c1f8ac5b55d0f4fd2f2','79516888604'),
('89','Jimmy','Rodriguez','wwillms@example.com','ed826f7b3c8f80ff5fe70c11a60f47bf5000f0f2','79477699555'),
('90','Kattie','Crooks','qo\'conner@example.com','b2dae427a52533fb0ec93633b92f26af61e1b00d','79925384544'),
('91','Providenci','Raynor','fahey.maddison@example.com','0473525e5dd064313f4fee2efad0ac3c95cf90ae','79819427052'),
('92','Howell','Fay','dgoldner@example.com','e8bbab6ee22258c4ccbe740ec3e3cf95a4d99eaa','79250751821'),
('93','Lelia','Gleason','jimmy.lehner@example.net','8b36efc9dc220ec6f8eb306da9e1ef2b6a64c2dc','79464659277'),
('94','Joannie','Reilly','d\'amore.hermann@example.org','0a2425ee877367f0b7ff89fde9f62e13b694fb90','79448455980'),
('95','Zoila','Wehner','alanis.spencer@example.com','99013b8ece9d9535ead420f5141518884cb77b98','79635992233'),
('96','Jasper','Labadie','armando68@example.net','ad4317506c72b6e97e0a03ee91b3c650b9e0258e','79545105600'),
('97','Ignacio','McDermott','jschinner@example.com','82ee616a85383e4297830d7bbc3c62a8049edcd9','79607379707'),
('98','Dashawn','Schneider','bogan.henri@example.net','bad14a3e5456b7f026dc253a4d923d7e5d6faa17','79930870469'),
('99','Jayce','Streich','goyette.kareem@example.net','a4578f05cced3b7d3d3f5b73d0f2ec066c5e8705','79118774482'),
('100','Jadon','Fay','rolfson.roman@example.com','ac67fdc0884a7551edb235de7c24e091f32812cf','79635341450'); 

DROP TABLE IF EXISTS `communities`;
CREATE TABLE `communities` (
  `id` bigint(20) unsigned NOT NULL AUTO_INCREMENT,
  `name` varchar(150) COLLATE utf8_unicode_ci DEFAULT NULL,
  `admin_user_id` bigint(20) unsigned NOT NULL,
  UNIQUE KEY `id` (`id`),
  KEY `communities_name_idx` (`name`),
  KEY `admin_user_id` (`admin_user_id`),
  CONSTRAINT `communities_ibfk_1` FOREIGN KEY (`admin_user_id`) REFERENCES `users` (`id`)
) ENGINE=InnoDB AUTO_INCREMENT=101 DEFAULT CHARSET=utf8 COLLATE=utf8_unicode_ci;

INSERT INTO `communities` VALUES ('1','perferendis','1'),
('2','sapiente','2'),
('3','porro','3'),
('4','eos','4'),
('5','ipsum','5'),
('6','eius','6'),
('7','in','7'),
('8','quia','8'),
('9','deleniti','9'),
('10','expedita','10'),
('11','laborum','11'),
('12','est','12'),
('13','alias','13'),
('14','est','14'),
('15','consequatur','15'),
('16','qui','16'),
('17','facere','17'),
('18','corporis','18'),
('19','eum','19'),
('20','voluptas','20'),
('21','iusto','21'),
('22','officiis','22'),
('23','et','23'),
('24','voluptas','24'),
('25','nostrum','25'),
('26','expedita','26'),
('27','eum','27'),
('28','sed','28'),
('29','dicta','29'),
('30','nihil','30'),
('31','doloremque','31'),
('32','officia','32'),
('33','quas','33'),
('34','eius','34'),
('35','dolorum','35'),
('36','ad','36'),
('37','quo','37'),
('38','consectetur','38'),
('39','magnam','39'),
('40','id','40'),
('41','laboriosam','41'),
('42','corrupti','42'),
('43','quisquam','43'),
('44','delectus','44'),
('45','quia','45'),
('46','amet','46'),
('47','harum','47'),
('48','sed','48'),
('49','vitae','49'),
('50','voluptatibus','50'),
('51','reprehenderit','51'),
('52','doloremque','52'),
('53','molestiae','53'),
('54','reiciendis','54'),
('55','commodi','55'),
('56','placeat','56'),
('57','est','57'),
('58','necessitatibus','58'),
('59','inventore','59'),
('60','placeat','60'),
('61','fuga','61'),
('62','sunt','62'),
('63','veniam','63'),
('64','ratione','64'),
('65','est','65'),
('66','quibusdam','66'),
('67','inventore','67'),
('68','nesciunt','68'),
('69','sed','69'),
('70','aut','70'),
('71','dolorum','71'),
('72','sed','72'),
('73','et','73'),
('74','nisi','74'),
('75','qui','75'),
('76','impedit','76'),
('77','quisquam','77'),
('78','maiores','78'),
('79','dolore','79'),
('80','error','80'),
('81','nisi','81'),
('82','consequatur','82'),
('83','et','83'),
('84','explicabo','84'),
('85','non','85'),
('86','quo','86'),
('87','quisquam','87'),
('88','expedita','88'),
('89','voluptas','89'),
('90','molestiae','90'),
('91','culpa','91'),
('92','provident','92'),
('93','atque','93'),
('94','nostrum','94'),
('95','a','95'),
('96','beatae','96'),
('97','quis','97'),
('98','omnis','98'),
('99','sit','99'),
('100','ea','100'); 


DROP TABLE IF EXISTS `friend_requests`;
CREATE TABLE `friend_requests` (
  `initiator_user_id` bigint(20) unsigned NOT NULL,
  `target_user_id` bigint(20) unsigned NOT NULL,
  `status` enum('requested','approved','unfriended','declined') COLLATE utf8_unicode_ci DEFAULT NULL,
  `requested_at` datetime DEFAULT current_timestamp(),
  `confirmed_at` datetime DEFAULT NULL ON UPDATE current_timestamp(),
  PRIMARY KEY (`initiator_user_id`,`target_user_id`),
  KEY `target_user_id` (`target_user_id`),
  CONSTRAINT `friend_requests_ibfk_1` FOREIGN KEY (`initiator_user_id`) REFERENCES `users` (`id`),
  CONSTRAINT `friend_requests_ibfk_2` FOREIGN KEY (`target_user_id`) REFERENCES `users` (`id`),
  CONSTRAINT `CONSTRAINT_1` CHECK (`initiator_user_id` <> `target_user_id`)
) ENGINE=InnoDB DEFAULT CHARSET=utf8 COLLATE=utf8_unicode_ci;

INSERT INTO `friend_requests` VALUES ('1','2','requested','1993-03-09 17:21:02', '2003-11-03 20:52:49'),
('2','3','approved','1993-03-09 17:21:02', '2003-11-03 20:52:49'),
('3','4','unfriended','2008-06-06 02:54:39', '2003-11-03 20:52:49'),
('4','2','declined','1982-05-25 15:36:28', '2003-11-03 20:52:49'),
('5','4','approved','1993-03-09 17:21:02', '2003-11-03 20:52:49'),
('6','2','unfriended','2005-04-14 06:31:49', '2008-06-06 02:54:39'),
('7','5','declined','1982-05-25 15:36:28', '2003-11-03 20:52:49'),
('8','6','approved','1993-03-09 17:21:02', '2014-08-09 14:00:39'),
('9','7','approved','2008-06-06 02:54:39', '2014-08-09 14:00:39'),
('10','9','requested','1993-03-09 17:21:02', '2003-11-03 20:52:49');


DROP TABLE IF EXISTS `likes`;
CREATE TABLE `likes` (
  `id` bigint(20) unsigned NOT NULL AUTO_INCREMENT,
  `user_id` bigint(20) unsigned NOT NULL,
  `media_id` bigint(20) unsigned NOT NULL,
  `created_at` datetime DEFAULT current_timestamp(),
  UNIQUE KEY `id` (`id`)
) ENGINE=InnoDB AUTO_INCREMENT=101 DEFAULT CHARSET=utf8 COLLATE=utf8_unicode_ci;

INSERT INTO `likes` VALUES ('1','1','1','1993-03-09 17:21:02'),
('2','2','2','1976-03-27 19:35:08'),
('3','3','3','1997-05-15 15:08:56'),
('4','4','4','2003-11-03 20:52:49'),
('5','5','5','1996-04-04 08:40:24'),
('6','6','6','2003-02-28 16:45:59'),
('7','7','7','1986-05-27 15:28:14'),
('8','8','8','1988-04-05 16:03:47'),
('9','9','9','1995-10-08 02:42:13'),
('10','10','10','2017-01-22 02:59:49'),
('11','11','11','1977-02-28 11:20:27'),
('12','12','12','1982-05-25 15:36:28'),
('13','13','13','2008-06-06 02:54:39'),
('14','14','14','2019-09-27 11:10:43'),
('15','15','15','1978-12-23 11:20:15'),
('16','16','16','1974-12-26 01:52:26'),
('17','17','17','2017-04-07 12:17:09'),
('18','18','18','1971-04-13 11:09:06'),
('19','19','19','1972-03-08 07:22:49'),
('20','20','20','1972-03-18 03:21:45'),
('21','21','21','1984-02-07 02:15:48'),
('22','22','22','1985-01-11 15:42:28'),
('23','23','23','2000-02-22 01:21:17'),
('24','24','24','1986-01-10 04:21:09'),
('25','25','25','2015-07-17 13:08:07'),
('26','26','26','1999-10-26 16:10:06'),
('27','27','27','2010-10-20 09:32:09'),
('28','28','28','2014-08-02 10:37:49'),
('29','29','29','1992-09-12 09:39:07'),
('30','30','30','2005-04-14 06:31:49'),
('31','31','31','1975-01-18 17:54:20'),
('32','32','32','2006-09-05 02:48:12'),
('33','33','33','1981-09-22 13:51:09'),
('34','34','34','1973-10-02 08:35:54'),
('35','35','35','1980-01-18 21:34:31'),
('36','36','36','1992-02-16 10:34:21'),
('37','37','37','2018-04-17 16:40:25'),
('38','38','38','2014-08-09 14:00:39'),
('39','39','39','2006-02-28 14:25:26'),
('40','40','40','1996-05-25 20:35:22'),
('41','41','41','1997-01-28 23:54:34'),
('42','42','42','1976-09-19 10:54:21'),
('43','43','43','1973-03-02 05:39:02'),
('44','44','44','1995-05-09 14:07:12'),
('45','45','45','2006-01-15 07:17:53'),
('46','46','46','1972-11-22 21:44:17'),
('47','47','47','2017-10-28 22:45:56'),
('48','48','48','2008-04-15 04:51:44'),
('49','49','49','2009-07-25 06:45:11'),
('50','50','50','2000-12-10 20:30:54'),
('51','51','51','1979-11-28 14:12:21'),
('52','52','52','1979-07-18 05:47:12'),
('53','53','53','1976-09-02 19:48:48'),
('54','54','54','2011-06-08 12:15:10'),
('55','55','55','2004-06-14 13:33:22'),
('56','56','56','1989-12-09 04:17:22'),
('57','57','57','2016-10-21 17:17:41'),
('58','58','58','1981-11-27 22:03:50'),
('59','59','59','2003-04-30 19:40:55'),
('60','60','60','1987-09-18 12:16:02'),
('61','61','61','2007-08-17 09:44:49'),
('62','62','62','1976-02-15 20:00:28'),
('63','63','63','1995-11-02 18:19:30'),
('64','64','64','2008-10-09 10:10:34'),
('65','65','65','2010-07-13 01:11:51'),
('66','66','66','2019-07-27 19:00:18'),
('67','67','67','2003-03-22 12:27:58'),
('68','68','68','2002-10-07 16:25:03'),
('69','69','69','1991-03-22 10:28:50'),
('70','70','70','1983-02-07 09:43:17'),
('71','71','71','1980-11-28 09:15:43'),
('72','72','72','1999-01-01 04:34:58'),
('73','73','73','1995-07-25 01:57:58'),
('74','74','74','1989-09-11 23:07:10'),
('75','75','75','1986-09-01 15:35:21'),
('76','76','76','2006-07-18 19:35:30'),
('77','77','77','1986-10-21 13:01:26'),
('78','78','78','2002-10-18 22:47:54'),
('79','79','79','2005-12-30 22:35:42'),
('80','80','80','2017-01-01 08:13:12'),
('81','81','81','1972-05-24 11:03:30'),
('82','82','82','1970-09-20 22:03:03'),
('83','83','83','2009-05-11 20:13:53'),
('84','84','84','2018-02-22 15:16:08'),
('85','85','85','1983-02-14 05:49:40'),
('86','86','86','2010-09-23 22:16:44'),
('87','87','87','1991-02-02 00:11:09'),
('88','88','88','1988-09-28 00:46:38'),
('89','89','89','2001-07-20 01:52:44'),
('90','90','90','2005-01-16 18:03:54'),
('91','91','91','2006-06-16 00:55:48'),
('92','92','92','1998-02-19 09:21:44'),
('93','93','93','2001-07-13 08:37:54'),
('94','94','94','1992-09-05 02:15:22'),
('95','95','95','2003-05-12 00:11:48'),
('96','96','96','1999-11-11 04:44:40'),
('97','97','97','1987-09-24 01:54:51'),
('98','98','98','2017-03-16 02:27:20'),
('99','99','99','2018-07-14 22:58:12'),
('100','100','100','1998-01-12 23:54:55'); 


DROP TABLE IF EXISTS `media`;
CREATE TABLE `media` (
  `id` bigint(20) unsigned NOT NULL AUTO_INCREMENT,
  `media_type_id` bigint(20) unsigned NOT NULL,
  `user_id` bigint(20) unsigned NOT NULL,
  `body` text COLLATE utf8_unicode_ci DEFAULT NULL,
  `filename` varchar(255) COLLATE utf8_unicode_ci DEFAULT NULL,
  `size` int(11) DEFAULT NULL,
  `metadata` longtext CHARACTER SET utf8mb4 COLLATE utf8mb4_bin DEFAULT NULL CHECK (json_valid(`metadata`)),
  `created_at` datetime DEFAULT current_timestamp(),
  `updated_at` datetime DEFAULT NULL ON UPDATE current_timestamp(),
  UNIQUE KEY `id` (`id`),
  KEY `user_id` (`user_id`),
  KEY `media_type_id` (`media_type_id`),
  CONSTRAINT `media_ibfk_1` FOREIGN KEY (`user_id`) REFERENCES `users` (`id`),
  CONSTRAINT `media_ibfk_2` FOREIGN KEY (`media_type_id`) REFERENCES `media_types` (`id`)
) ENGINE=InnoDB AUTO_INCREMENT=101 DEFAULT CHARSET=utf8 COLLATE=utf8_unicode_ci;

INSERT INTO `media` VALUES ('1','1','1','Fuga sit quidem repudiandae blanditiis et. Nam perspiciatis et non illum ea non. Id porro laboriosam libero perferendis vitae totam soluta. Illo tenetur iusto adipisci illum ut aperiam tempora excepturi.','ullam','235489672',NULL,'1981-03-03 22:03:41','1977-05-26 09:35:27'),
('2','2','2','Laboriosam consequatur debitis aliquam non culpa eius. Placeat impedit quibusdam quia perspiciatis laudantium voluptates maiores quia. Repellendus fugit est sit velit ut.','similique','695788361',NULL,'2002-08-17 22:51:17','1998-07-10 02:49:16'),
('3','3','3','Consequuntur sit dolores tempora aliquam. Minus neque ut qui nobis doloremque qui non. Quas quia ut ut ut laboriosam ratione.','consequatur','30',NULL,'1975-08-04 04:57:05','1981-12-09 07:29:24'),
('4','4','4','Quos eveniet vel dolores eum qui vel esse rem. Ut aspernatur commodi ut error labore qui neque. Eaque deleniti sed quidem ex in ut amet eius.','unde','912',NULL,'2010-12-17 11:14:38','1994-02-21 16:37:44'),
('5','1','5','Facilis officiis dolores ut reiciendis quis et. Molestiae dolorem quos reprehenderit sit at laboriosam sit.','qui','1444510',NULL,'1975-04-28 17:06:06','2006-10-23 00:06:29'),
('6','2','6','Sit ad aut pariatur eos. Est saepe assumenda qui enim reiciendis quisquam quisquam. Officia qui ratione architecto deleniti.','fugiat','329',NULL,'2011-07-16 02:36:24','1990-10-25 13:33:21'),
('7','3','7','Quaerat qui nihil aut corrupti magni. Vel minima doloremque eos sequi. Nisi temporibus incidunt quo cupiditate maiores.','vel','83647447',NULL,'1977-09-14 09:13:52','2013-01-17 23:27:53'),
('8','4','8','Voluptatem fugit voluptatum et. Blanditiis rem ad suscipit possimus accusamus. Perferendis magnam culpa ut et asperiores sint. Id illo sed sit expedita dolorem nihil.','aut','91',NULL,'1977-01-19 04:29:53','1994-09-28 14:14:13'),
('9','1','9','Eius et officia aliquid quis rerum aliquam qui maxime. Consequatur quod tempora sit voluptatem. Eum nostrum nihil dicta est. Autem et accusamus eos quidem fuga.','aut','717',NULL,'2016-06-01 02:28:40','1998-12-10 06:13:27'),
('10','2','10','Vel similique ut aut libero at. Assumenda perferendis ut perspiciatis delectus vel quia. Sapiente est omnis at laborum qui nihil natus. Id enim doloribus natus earum ut eum magni.','est','55521',NULL,'1975-06-20 22:55:15','1986-05-13 01:04:44'),
('11','3','11','Adipisci exercitationem repudiandae dolor laborum veritatis perferendis. Consectetur unde maiores ducimus voluptatibus a tempora voluptatem id. Rem perspiciatis aut eum sit temporibus sunt. Deleniti alias dolores eius sunt non quia. Ut alias eligendi iusto nemo qui mollitia.','quidem','962687',NULL,'2002-04-02 16:33:14','1976-08-02 20:55:22'),
('12','4','12','Dolor qui voluptate enim dolores eos. Est est deleniti consequatur aut. Eveniet fugit modi fuga repudiandae sint suscipit autem sint. Vel rerum sequi facilis possimus dolores deleniti. Et voluptatum rerum possimus ex debitis et.','et','7534152',NULL,'1991-11-30 14:19:48','2019-04-03 00:15:01'),
('13','1','13','Consequatur magni accusamus ducimus est reprehenderit quis. Laboriosam corrupti quod impedit sint. Cumque et quidem dolorum est voluptates qui iure voluptatem. Aut aut est quo et et et.','et','598953',NULL,'2013-12-10 21:40:02','1993-10-07 13:24:16'),
('14','2','14','Qui et est consequuntur architecto ut minus voluptatem voluptatem. Dolores reiciendis velit corrupti explicabo impedit minus error.','mollitia','711365',NULL,'2008-03-03 23:19:11','1976-05-28 12:15:19'),
('15','3','15','Aliquid cum quibusdam error voluptatem. Rerum harum porro magnam soluta suscipit aut animi. Aperiam provident molestias facere corporis nobis culpa.','aut','82671610',NULL,'2013-02-04 01:15:43','1986-02-12 01:06:46'),
('16','4','16','Corporis expedita inventore est fugiat ducimus iusto. In quaerat quibusdam impedit at.','voluptas','2',NULL,'1985-08-17 02:40:36','1974-03-20 04:21:24'),
('17','1','17','Velit vel facilis est quam architecto ea voluptate optio. Occaecati neque non eaque animi rem nihil et. Aut dolores doloremque et eos nesciunt. Est et nesciunt sint possimus nihil maxime nihil ratione. Alias magni repellat doloribus et facilis corrupti sunt facere.','quisquam','377208',NULL,'2019-06-18 13:56:05','1973-09-20 06:03:48'),
('18','2','18','Vero et labore repellendus autem voluptas dignissimos maiores dolores. Voluptatem voluptatem ut inventore harum. Non cupiditate culpa quo distinctio voluptas aliquid excepturi. Placeat sit tempora est illo nemo sit.','id','58244',NULL,'1986-11-12 23:42:53','1982-11-08 05:13:43'),
('19','3','19','Animi vitae repellendus odit ut et et illo. Culpa laborum sunt minus est sit tempora reprehenderit deleniti. Iusto et quis voluptates ea alias.','nihil','5984',NULL,'1972-01-07 00:25:47','1981-12-14 06:38:03'),
('20','4','20','Magni modi laborum amet repudiandae et. Cum sit reiciendis porro qui totam. Voluptatem eligendi voluptatem cumque beatae beatae aspernatur. Velit iste ut adipisci et nam velit suscipit voluptatem.','tempore','1588',NULL,'2004-04-19 02:37:04','2005-05-29 15:47:12'),
('21','1','21','Ullam minus fugiat corrupti ipsum fugiat eos eveniet unde. Ad voluptatibus magnam quia natus dicta earum saepe. Voluptatem sunt est architecto voluptatem ullam officia.','ut','80404',NULL,'2003-12-13 21:48:16','1984-03-15 04:26:23'),
('22','2','22','Recusandae beatae dicta quam odio. Dolores nostrum numquam sint non omnis distinctio.','doloremque','0',NULL,'1992-06-22 10:08:52','1993-10-30 09:36:00'),
('23','3','23','Ratione dolorem suscipit cupiditate incidunt aut. Explicabo deserunt ad corrupti sed velit. Voluptatem veniam sed mollitia occaecati consequatur amet omnis. Error repellendus et magnam.','tempora','733',NULL,'2005-04-29 20:08:33','2018-11-02 11:23:08'),
('24','4','24','Inventore non incidunt ipsum porro eum tempora. Quis similique consequuntur vel aperiam. Accusantium error sit autem id dolorem. In iure nam perferendis est dignissimos id molestiae quisquam.','quas','543',NULL,'2019-08-19 06:19:53','1986-06-03 18:17:08'),
('25','1','25','Nesciunt rerum ipsam id perspiciatis sit id repellendus officia. Ea minus assumenda delectus ex vero quibusdam. Ullam placeat incidunt saepe et ut illo dolorum doloribus. Quia cupiditate commodi qui voluptatem hic quia deserunt.','alias','6293128',NULL,'1987-01-03 11:28:16','1998-08-12 02:29:54'),
('26','2','26','Doloremque quae esse et excepturi est sint consectetur. Accusantium facere minus aliquam sit itaque. Nostrum et molestiae ratione quaerat accusamus quia.','est','65',NULL,'2005-05-23 01:07:58','1974-05-16 14:27:26'),
('27','3','27','Quisquam rerum ut aspernatur suscipit reiciendis. Illo vitae et esse ut. Ratione error necessitatibus pariatur asperiores qui. Sit magni voluptatem nobis minima blanditiis est.','nulla','62492',NULL,'2001-05-01 10:59:29','1991-02-19 23:41:27'),
('28','4','28','Ut molestias vel eos fuga harum. Enim labore nisi harum recusandae. Commodi tempore incidunt quia.','accusamus','62',NULL,'2010-08-05 13:19:06','1988-11-26 22:52:28'),
('29','1','29','Ut est et qui sit. Accusantium quia omnis molestiae est quia non et. Neque quia iste eos laboriosam autem est eveniet. Dolore quibusdam fugiat voluptatum dolores nobis natus quo.','veritatis','53302259',NULL,'2020-02-21 19:52:23','2019-04-07 01:08:14'),
('30','2','30','Amet omnis cum eius eaque non. Quibusdam necessitatibus sed facere aperiam. Quidem sint eius est asperiores dolor. Non expedita eos molestiae maiores amet consequuntur ut earum.','quia','9743',NULL,'1970-09-15 02:18:20','2011-08-26 05:57:15'),
('31','3','31','Quia molestias non odit voluptatem dolor nam. Odio sed nam omnis quaerat aut quasi et.','debitis','71',NULL,'1974-07-28 15:53:51','1973-06-07 02:59:48'),
('32','4','32','Est in sapiente omnis ea autem ducimus incidunt. Eligendi quidem maxime labore officia. Quis totam enim dolorem minima.','consequatur','29',NULL,'1985-04-22 06:14:48','1990-02-12 05:09:32'),
('33','1','33','Voluptatem non sed sequi tempore et quos commodi. Quia non consectetur et et.','assumenda','0',NULL,'2013-03-09 19:42:25','1986-06-29 00:11:45'),
('34','2','34','Dolores eum sint minima est sapiente ea expedita. Et explicabo officia quas enim. Et nulla et earum eaque. Quis perferendis libero dolores consequatur non corporis fugiat.','excepturi','0',NULL,'2005-05-30 11:40:32','2001-06-11 21:40:21'),
('35','3','35','Dolore consectetur facere reprehenderit praesentium et excepturi voluptatibus. A quia expedita occaecati rem quo. Quis officiis omnis facere aut nihil reprehenderit ex voluptatum.','voluptates','93306416',NULL,'2001-12-27 11:31:36','2009-06-22 11:41:49'),
('36','4','36','Provident asperiores corporis sit eligendi distinctio esse. Iure inventore et repudiandae. Nulla dolores aliquid natus.','dicta','73',NULL,'2003-04-05 04:19:07','1978-03-13 07:05:38'),
('37','1','37','Molestias nostrum saepe ipsum unde aut aut nihil. Assumenda aut nesciunt blanditiis. Nam culpa numquam vero rerum deleniti. Ut explicabo at dolores deserunt eaque eius sit minima.','laudantium','696030',NULL,'1972-03-16 22:52:38','2002-12-01 07:04:47'),
('38','2','38','Praesentium atque aliquid voluptatem quam tempora est accusamus et. Sed repellendus qui ipsa ipsa cumque. Commodi et dolorum dolor harum quis et ut. Iusto ipsam et officiis animi.','laborum','60576',NULL,'2003-01-22 12:48:34','1971-04-25 23:14:06'),
('39','3','39','Et repudiandae asperiores autem minus. Molestiae voluptatem praesentium et. Mollitia eveniet autem omnis dolorem numquam architecto. Explicabo necessitatibus voluptatem quia repellendus tempore. Quo esse consequatur autem.','beatae','675',NULL,'1994-05-11 04:54:35','1985-08-18 05:28:30'),
('40','4','40','Velit repudiandae odit non vel ex ad sint. Qui rem voluptates rerum eligendi. Et aut quasi quas in perferendis.','aut','791',NULL,'2020-04-23 06:57:20','2004-08-29 10:14:58'),
('41','1','41','Dolorum ipsa soluta harum magni. Incidunt occaecati voluptatem aut et aut et sed. Illo qui soluta voluptatem quas eos ratione autem.','debitis','4613',NULL,'1979-09-14 22:46:30','2016-03-03 19:59:41'),
('42','2','42','Molestias est modi consectetur ut ipsum. Dicta sunt deserunt sit deserunt. Assumenda rem tempora dolorum aut dignissimos ut ut. Aperiam voluptas sed possimus ex totam nostrum.','pariatur','0',NULL,'2020-03-08 10:22:48','1985-11-26 21:20:24'),
('43','3','43','Quos molestiae eius dolor illum corrupti cum. Tenetur quam consequuntur aperiam quo deserunt. Laboriosam eligendi qui illo vel amet.','soluta','559',NULL,'1974-06-24 02:31:59','2005-10-12 10:32:59'),
('44','4','44','Nobis cum et eos dolor porro. Aut unde quod velit officia animi exercitationem aperiam. Suscipit magnam odio debitis ut quas necessitatibus.','possimus','32415',NULL,'1997-03-21 18:50:51','1973-12-27 08:51:33'),
('45','1','45','Doloribus aut maxime omnis sunt quo nesciunt placeat. Fugiat aut optio ut dolorem laboriosam quasi earum nulla. Repellendus ea non sit ut qui.','placeat','9949189',NULL,'1994-07-21 03:16:03','2006-03-13 04:05:46'),
('46','2','46','Qui tenetur quia autem officiis exercitationem. Dolor earum minima est repudiandae consequatur qui. Ut nobis corporis porro consequatur error ut omnis aut. Accusantium dolores quas quidem eum magnam non assumenda.','quaerat','0',NULL,'1974-09-08 14:01:03','1992-10-12 19:12:55'),
('47','3','47','Et doloremque sit ut ad deleniti quidem. Ullam sapiente in praesentium unde voluptatem cumque. Reiciendis ut eos eligendi et cupiditate rerum incidunt. Quibusdam aut eum repellendus pariatur non repellat. Possimus eaque iusto nam facilis molestiae et deleniti.','occaecati','9',NULL,'2018-05-26 16:27:58','2017-11-03 23:42:07'),
('48','4','48','Quia vel dolor quibusdam illum. Voluptate fugiat rerum expedita adipisci dolor. Non porro accusamus sed. In a sed rem enim.','ullam','6519',NULL,'2010-08-24 23:51:13','2019-08-21 17:17:48'),
('49','1','49','Ullam perspiciatis eos voluptatem consequatur. Quos quisquam occaecati aut blanditiis ut quasi. Exercitationem ab quis reiciendis earum maxime consectetur ipsum. Et ducimus ut delectus sapiente aut ut est.','eos','9814971',NULL,'1996-01-19 21:45:01','2007-01-01 08:34:06'),
('50','2','50','In ad beatae adipisci voluptas. Corrupti maxime eius id ipsa et molestias. Tenetur at est et recusandae nemo.','quasi','752466134',NULL,'1980-05-18 22:01:32','2010-07-11 15:12:38'),
('51','3','51','Facere ipsam dolores velit animi accusamus eos. Animi sed minus consequuntur tempore quia.','tempore','0',NULL,'2014-11-27 17:34:05','2006-12-26 15:11:52'),
('52','4','52','Vitae architecto eum est et eligendi nostrum reprehenderit quidem. Dolore ipsa aut ut atque sed voluptate sit quod. Aut itaque velit sint vero accusamus.','eum','9267475',NULL,'2019-11-10 17:53:55','1997-02-17 08:23:22'),
('53','1','53','Qui laborum a labore cum dolores expedita suscipit blanditiis. Ut tempora explicabo sequi atque est natus. Sed maiores voluptatem porro distinctio voluptatem officiis consequatur.','quia','311120192',NULL,'1980-02-25 05:17:25','2014-11-23 12:59:13'),
('54','2','54','Occaecati qui quaerat nobis explicabo architecto. Expedita quis enim officiis sint exercitationem excepturi. Suscipit laboriosam doloribus ipsa explicabo fugiat. Vel et illum occaecati ut et error.','veniam','0',NULL,'1988-05-21 10:05:24','1975-08-23 06:01:00'),
('55','3','55','Sit ab placeat hic excepturi dolores. Ullam et ipsam excepturi qui iste accusantium ea. Dolorem magni libero quia qui sit soluta.','quis','8179153',NULL,'1975-08-11 22:01:48','2001-02-05 04:37:55'),
('56','4','56','Eligendi aut quis nesciunt voluptates dignissimos vero asperiores. Fuga aut debitis ipsam corporis. Eum pariatur qui vel officiis tenetur rerum.','dolorum','230225954',NULL,'1979-03-29 14:52:24','1976-06-27 06:15:22'),
('57','1','57','Rerum cum incidunt aliquam eaque. Consequuntur et labore architecto. Voluptatem dolorum autem aut architecto architecto. Non voluptatum optio et quam rem provident harum. Dolorem enim velit veniam hic exercitationem quod iusto.','consequatur','911',NULL,'2012-12-05 14:41:01','1991-03-18 17:23:22'),
('58','2','58','Cupiditate iusto veniam odio culpa beatae explicabo asperiores cupiditate. A odit deserunt cumque perferendis voluptas. Fugit non commodi itaque consequatur sit. In est tempora maiores expedita consectetur voluptate.','iste','733574',NULL,'1998-02-27 00:52:41','2007-10-28 17:59:08'),
('59','3','59','Delectus repellendus id esse et assumenda laborum ullam. Tenetur accusantium eos qui ducimus tenetur totam doloremque. Omnis odit autem porro veniam magni. Est qui et similique dolorem.','est','3457401',NULL,'2019-07-17 15:19:33','2011-06-28 19:52:57'),
('60','4','60','Possimus molestiae commodi corporis quasi debitis molestias enim quas. Dolorum ut dolorum fugiat est. Perspiciatis quisquam sit dolor voluptatem magnam aut. Aperiam vel nesciunt et et ut voluptatem cumque ut. Alias dicta ipsa ut quisquam incidunt quia.','laudantium','521',NULL,'1984-06-09 04:31:06','2009-12-25 10:47:42'),
('61','1','61','Consectetur repudiandae aperiam at numquam perspiciatis libero excepturi sed. Consequuntur rerum ut accusantium ipsam. Possimus voluptatem doloribus natus quod quam.','nihil','33053',NULL,'1970-03-05 00:33:54','2020-07-23 16:45:51'),
('62','2','62','Asperiores molestias labore et vitae aspernatur quas magnam. Laudantium rerum tenetur voluptas nihil aut ut cumque. Enim numquam aliquid quia nobis et aliquam. Consequatur et ut recusandae voluptate ullam aut omnis quas.','voluptas','953382',NULL,'2007-05-15 02:07:34','1978-08-30 14:57:53'),
('63','3','63','Ea asperiores exercitationem quia hic aut illum. Ut est voluptatem cumque repudiandae id et commodi. Cum aut velit libero.','vel','5',NULL,'2001-03-12 02:56:13','1974-05-14 15:17:34'),
('64','4','64','Sint cum provident quam. Sed est quam ut error voluptas et illum. Voluptatem et illum sunt molestiae. Incidunt qui voluptatem nostrum vel. Sed nisi architecto fuga aliquam non saepe magni.','non','2',NULL,'2014-02-10 16:00:36','2011-11-25 15:55:54'),
('65','1','65','Et reprehenderit ex dolorum nisi totam quas. Neque corporis mollitia enim id. Enim voluptatem nisi et facilis nemo.','commodi','7',NULL,'1992-01-09 08:13:07','1990-09-18 12:59:11'),
('66','2','66','Iure ut adipisci aut. Eveniet porro nisi tenetur hic. Tempora hic dignissimos ut pariatur natus est officia itaque. Enim ipsam fugiat consequatur.','voluptas','0',NULL,'2009-06-25 08:15:00','2007-12-06 04:29:08'),
('67','3','67','Repellendus aut autem et quam. Beatae incidunt eum natus ad enim neque sit. Est ea et suscipit nesciunt non.','labore','647',NULL,'1985-02-01 00:47:12','1989-09-29 10:26:07'),
('68','4','68','Molestias autem accusantium adipisci corrupti quia ea voluptas. Aut perferendis minus consectetur ipsam et. Laborum ullam eos impedit quae quis assumenda nisi dolores.','sit','59204874',NULL,'2017-05-16 21:27:50','1996-12-15 10:58:14'),
('69','1','69','Inventore omnis eos hic suscipit. Deserunt in ut nesciunt. Excepturi nemo vero ut atque quas. Perferendis ipsa earum ut quidem itaque consectetur et.','incidunt','59851',NULL,'2006-08-08 23:17:28','1988-01-31 23:27:14'),
('70','2','70','Eum quidem voluptas dolores hic ut. Architecto eligendi quia at facilis enim reprehenderit excepturi. Aliquid magnam quia velit eaque id sed veritatis. Illum in voluptatum debitis blanditiis esse. Excepturi et corporis minus qui praesentium enim.','doloribus','87315',NULL,'1999-07-17 05:57:23','1979-10-17 07:59:31'),
('71','3','71','Dolores quas ea consequatur. Veritatis porro debitis sed vel sed similique quo. Enim aut incidunt sed omnis non.','et','837877',NULL,'1983-12-01 15:40:51','1982-09-13 08:29:22'),
('72','4','72','Pariatur est aliquid consequatur vel voluptas nihil. Porro consequatur ipsa pariatur. Nesciunt aspernatur repellat perspiciatis quae.','voluptatem','827',NULL,'2013-01-20 11:45:41','1980-07-03 21:47:43'),
('73','1','73','Voluptatem maxime molestiae ut rerum quis quisquam ab. Aut eos ducimus ut id nobis.','et','93633',NULL,'2002-03-11 15:34:50','1979-03-26 16:39:35'),
('74','2','74','Ratione hic qui sapiente reprehenderit. Assumenda nobis sunt soluta. Error dolore deleniti aut vero aut quia commodi id.','officia','0',NULL,'1989-07-11 02:39:58','1980-09-26 04:11:25'),
('75','3','75','Asperiores sit eum iusto optio voluptatem deleniti nulla. Tempora soluta impedit enim at incidunt aut. Qui voluptates illum velit.','voluptatem','9127',NULL,'2006-11-20 18:05:07','1975-01-12 16:12:50'),
('76','4','76','Soluta maiores similique laudantium eos error itaque alias. Quis quisquam voluptatum consectetur ut dolorem et. Quod nulla recusandae aut velit ut. Dolor autem explicabo recusandae maxime in officia.','sit','2',NULL,'1984-07-18 07:51:46','1975-01-16 02:10:00'),
('77','1','77','Nemo nemo nulla neque quaerat sit voluptatem. Maxime ex ipsa voluptatem amet sit quaerat.','tempora','39893',NULL,'1987-12-08 12:45:37','1982-12-23 19:34:16'),
('78','2','78','Qui voluptas odio quia officiis molestias ut. Officiis harum et rerum qui voluptate. Ipsam saepe quo delectus excepturi qui pariatur.','quaerat','4525',NULL,'1991-11-29 15:44:33','2005-03-17 18:33:00'),
('79','3','79','Dignissimos nulla deleniti autem illum consequuntur voluptates commodi dolor. Distinctio amet vitae voluptatibus reiciendis et. Voluptatem odio sunt dignissimos soluta laboriosam ut neque impedit. Error aliquid aliquid ipsam ut sit.','quia','8',NULL,'1974-06-04 22:24:17','2004-03-26 10:50:21'),
('80','4','80','Laboriosam neque labore similique atque perspiciatis. Nulla ut dicta vero id. Vel qui aspernatur quia soluta officia error. Minima impedit corrupti eos maiores tempora veniam reprehenderit tempora.','aut','7178617',NULL,'2016-03-21 23:07:06','2017-06-20 12:32:43'),
('81','1','81','Sit natus quos repellendus corporis eum nulla omnis non. Est dolorem rerum nihil. Non harum repudiandae magni id corporis ipsum ut. Provident quia perspiciatis voluptatum iure eius nemo adipisci.','mollitia','0',NULL,'2016-08-24 22:41:52','1987-07-10 06:24:36'),
('82','2','82','Quaerat et accusamus qui. Doloremque maiores dignissimos enim hic iure. Distinctio molestiae at consequatur ut tempore ut aliquam. Beatae optio omnis rerum ab repellendus.','cumque','59',NULL,'2006-12-17 01:36:21','1990-10-30 14:46:49'),
('83','3','83','Accusantium in aut aliquam dolorem qui autem. Aut et itaque ullam minima. Porro perferendis labore aut.','neque','4',NULL,'1999-06-25 19:17:30','1980-03-06 01:33:53'),
('84','4','84','Ea nulla nihil numquam perspiciatis aliquid. Quae ipsa eum natus ipsum occaecati non qui fugiat. Est ab alias expedita sint corporis placeat animi.','delectus','42',NULL,'1975-07-22 03:20:45','1994-01-28 01:44:05'),
('85','1','85','Aut sapiente iste sint laborum. Cumque voluptatem illo dolorem ut. Eius fugit fuga quas atque esse. Laboriosam commodi doloribus iste cumque aut.','et','631360',NULL,'2013-02-05 11:32:49','1990-04-08 14:37:12'),
('86','2','86','Aut incidunt ipsum aut libero qui. Quisquam aut minus doloremque sint non. Ut a et doloremque vero. Accusamus quam sint sint animi vel eaque sit.','ut','98234158',NULL,'1993-02-10 06:40:06','1997-02-08 14:45:50'),
('87','3','87','Veritatis et nulla autem earum eveniet. Labore expedita sapiente voluptate ea deleniti. Deleniti consectetur nostrum consequatur fugiat dolor doloremque unde. Dolorem veniam deserunt quia soluta qui.','fuga','931',NULL,'2000-01-04 01:24:11','2014-02-21 12:07:19'),
('88','4','88','Distinctio est error non dolorem. Placeat dolorum qui quia voluptas et numquam autem cumque. Laudantium nisi aut impedit.','excepturi','3',NULL,'1990-04-20 13:38:10','2002-05-06 12:04:10'),
('89','1','89','Alias delectus voluptatem quia enim aliquam. Ea pariatur facere beatae. Voluptatem accusamus aperiam rerum magni ut deleniti in et.','quia','6930560',NULL,'2017-07-03 12:58:59','1972-01-13 01:23:18'),
('90','2','90','Consequatur nesciunt dolor quia repudiandae cum. Cupiditate voluptas rerum maiores expedita aut odio vero. Impedit corporis accusamus eum est quas.','accusamus','0',NULL,'2001-02-08 17:07:42','1991-09-03 21:33:01'),
('91','3','91','Eius rerum neque nam rerum. Laboriosam vero est ad illo sed quisquam maiores rerum. Suscipit porro voluptatem fuga unde autem.','itaque','2680857',NULL,'1995-08-16 05:19:57','2003-06-21 22:04:07'),
('92','4','92','Reiciendis atque ullam exercitationem. Cupiditate necessitatibus nobis sunt id laboriosam. Rerum perspiciatis ut rem sunt dolorem maxime accusantium.','eum','9',NULL,'1975-03-26 06:49:01','1978-04-29 17:23:09'),
('93','1','93','Consequatur necessitatibus voluptatem autem at dolorem doloremque incidunt. Porro odio eos eveniet fuga ab unde rem molestias. Qui doloremque est voluptatem maxime. Quam vitae dolorum ut quisquam.','omnis','160',NULL,'2010-01-30 11:34:18','1979-04-27 13:12:23'),
('94','2','94','A porro provident error velit molestiae voluptatem voluptatem. Quam explicabo quo velit non. Minus enim autem blanditiis est autem debitis. Omnis eligendi in aperiam numquam est voluptas.','ratione','71',NULL,'1973-01-29 08:11:39','2001-12-20 16:59:59'),
('95','3','95','Dignissimos eligendi praesentium cumque omnis similique. Reprehenderit molestiae nostrum velit. Quia ab at voluptas facere inventore.','autem','2629395',NULL,'1985-09-03 00:23:04','2012-06-08 15:32:14'),
('96','4','96','Quia labore ullam quos quae. Nostrum dolor odit perspiciatis quasi. Qui tempore optio qui occaecati id.','iusto','612',NULL,'1988-05-11 12:02:34','2011-01-26 16:38:40'),
('97','1','97','Ipsa doloribus vel similique recusandae culpa. Sunt quia nam illo.','velit','3',NULL,'2003-07-05 23:05:08','1977-04-01 10:01:32'),
('98','2','98','Nulla et quia modi magni delectus reiciendis. Rerum maiores dolorum suscipit quo voluptatem ipsa. Architecto ea et molestiae repellat porro magni officia.','dolores','1187',NULL,'2012-08-01 19:24:56','1975-06-26 07:52:05'),
('99','3','99','In voluptates dolores quod totam et. Et ex occaecati voluptas corporis consequuntur natus repudiandae. Est deserunt quia nihil similique. Dolore odio blanditiis ut. Impedit est sed iusto et molestiae.','rerum','2',NULL,'2019-01-23 17:16:55','1983-11-29 11:18:51'),
('100','4','100','Aut cupiditate provident totam consequatur quas. Ullam eveniet magni et fuga porro provident quas. Nostrum quia dolor excepturi sit quos. Enim consequatur corrupti ut molestiae.','magni','49843',NULL,'2016-08-15 23:14:24','1984-10-18 11:54:03'); 


DROP TABLE IF EXISTS `media_types`;
CREATE TABLE `media_types` (
  `id` bigint(20) unsigned NOT NULL AUTO_INCREMENT,
  `name` varchar(255) COLLATE utf8_unicode_ci DEFAULT NULL,
  `created_at` datetime DEFAULT current_timestamp(),
  `updated_at` datetime DEFAULT NULL ON UPDATE current_timestamp(),
  UNIQUE KEY `id` (`id`)
) ENGINE=InnoDB AUTO_INCREMENT=5 DEFAULT CHARSET=utf8 COLLATE=utf8_unicode_ci;

INSERT INTO `media_types` VALUES ('1','iusto','1996-02-19 12:16:04','2010-09-10 08:44:26'),
('2','animi','1991-02-14 05:56:42','2009-10-02 22:35:51'),
('3','exercitationem','1987-01-21 00:33:33','1979-09-22 09:01:20'),
('4','consequuntur','2001-01-16 21:49:41','1989-09-17 20:15:09'); 


DROP TABLE IF EXISTS `messages`;
CREATE TABLE `messages` (
  `id` bigint(20) unsigned NOT NULL AUTO_INCREMENT,
  `from_user_id` bigint(20) unsigned NOT NULL,
  `to_user_id` bigint(20) unsigned NOT NULL,
  `body` text COLLATE utf8_unicode_ci DEFAULT NULL,
  `created_at` datetime DEFAULT current_timestamp(),
  UNIQUE KEY `id` (`id`),
  KEY `from_user_id` (`from_user_id`),
  KEY `to_user_id` (`to_user_id`),
  CONSTRAINT `messages_ibfk_1` FOREIGN KEY (`from_user_id`) REFERENCES `users` (`id`),
  CONSTRAINT `messages_ibfk_2` FOREIGN KEY (`to_user_id`) REFERENCES `users` (`id`)
) ENGINE=InnoDB AUTO_INCREMENT=101 DEFAULT CHARSET=utf8 COLLATE=utf8_unicode_ci;

INSERT INTO `messages` VALUES ('1','1','1','Voluptas placeat iste aut accusamus sunt tenetur optio omnis. Provident reiciendis odit minima mollitia. Sed rerum veniam quos eius. Dolorem tempora illo sint et.','2003-09-20 14:46:23'),
('2','2','2','Modi ut saepe non sapiente numquam rerum consequuntur. Est impedit laborum ipsum quae qui et adipisci. Impedit distinctio labore totam aliquam nesciunt.','1996-11-19 12:33:49'),
('3','3','3','In nobis soluta et culpa omnis repudiandae ut. Cumque labore placeat aut quis veniam. Aliquid consequatur et atque alias sed perferendis consequatur. Est quos omnis sit impedit molestiae similique.','1997-04-19 18:58:39'),
('4','4','4','Suscipit itaque impedit est et qui et. Quidem doloremque ex commodi culpa ipsum esse quo. Consequatur odit dolorum sint sit sint quis. Enim dolor molestias aut enim inventore aut.','2000-12-20 21:13:11'),
('5','5','5','Nihil id commodi corporis. Ea omnis nobis corporis aut beatae quas quidem saepe. Aut ut assumenda maxime est.','1982-06-20 12:21:13'),
('6','6','6','Aliquid vel hic asperiores veniam beatae officia dolores. Nihil doloribus vero impedit ab quis accusamus. Et praesentium natus est molestias doloremque quo. Tenetur aperiam doloribus vel repudiandae voluptatem.','2017-01-30 23:48:48'),
('7','7','7','Illum deserunt et cupiditate autem a laudantium iusto. Molestiae dignissimos est est quos nemo. Modi quasi vitae reprehenderit et minus quasi ea. Molestiae repellendus eum accusantium ut consequatur perferendis repudiandae.','2012-07-27 13:33:21'),
('8','8','8','Voluptatibus omnis rem officia quo repellat. Voluptatem autem et sed ipsum sunt porro. Voluptates qui optio nihil et aut. Consequuntur fuga architecto aperiam et dolorem nulla harum.','2029-11-07 19:17:48'),
('9','9','9','Cum praesentium repellat voluptatibus repellendus sit. Magni quaerat consequatur atque facere explicabo tenetur itaque. Qui dolor quo quos sunt numquam unde quia.','1975-05-09 15:57:31'),
('10','10','10','Quia sapiente minus aut ab. Aperiam fugiat dolorem omnis iusto illum aut. Minima perferendis accusantium deserunt reiciendis ipsam cum illo.','2012-06-09 18:42:19'),
('11','11','11','Asperiores sed incidunt ut et dolores rerum repellat. In rerum et non velit. Excepturi quibusdam rerum vero eligendi omnis totam reiciendis aut. Et ad porro consequatur omnis aut veniam. Iste numquam aut reiciendis illum pariatur.','1991-07-23 18:50:54'),
('12','12','12','Possimus et facilis enim velit sint. Perferendis id explicabo et quas rerum laborum. Dolores quos voluptate illo tempore ducimus.','2038-09-19 09:36:36'),
('13','13','13','Voluptates nobis error voluptatem dolor. Sequi dignissimos accusantium est veritatis nesciunt quidem.','1997-06-06 12:17:08'),
('14','14','14','Iure voluptatem laborum quia impedit sapiente sit soluta blanditiis. Rem ratione mollitia voluptatibus rem temporibus maiores.','1997-02-17 02:29:27'),
('15','15','15','Non minus in est corrupti cupiditate molestiae nihil. Perferendis in aliquid non cum et. Repellendus vitae dolorem cupiditate qui placeat blanditiis beatae. Sequi accusantium dicta tenetur aliquam delectus eum voluptates sint.','1972-02-23 16:12:54'),
('16','16','16','Ut voluptatem consequatur consequatur voluptatem minus ex. Est cupiditate dolorem consequatur pariatur exercitationem et. Nisi aliquam ea qui vitae nulla enim. Esse iure tempore reiciendis eligendi id.','1997-07-14 09:26:30'),
('17','17','17','Eius similique quasi magnam quidem molestiae consequatur. Nihil nobis rerum qui excepturi provident ut. Vel illum neque nemo sint dignissimos ad dolor et.','2027-07-10 22:53:35'),
('18','18','18','Modi rerum porro voluptatem vel qui qui officia. In veritatis aut laboriosam maiores reprehenderit est possimus. Iste corrupti eos dolor in quia. Vitae et sequi est explicabo. Occaecati quia enim consectetur.','2006-10-03 10:12:45'),
('19','19','19','Suscipit labore placeat veniam est. Fuga magni consequuntur impedit non molestiae.','1984-02-17 02:22:13'),
('20','20','20','Sed doloremque qui rerum repudiandae atque. Enim molestias quaerat ullam et. Iusto dolorem minima quia ut tempore.','1989-10-24 02:47:56'),
('21','21','21','Et asperiores eos molestiae at esse. Facilis possimus minus earum rerum consequatur reiciendis qui. Eum dolore dicta laborum.','1986-01-17 08:49:24'),
('22','22','22','Amet asperiores ut qui a. Ipsum neque ab sed perferendis et quas exercitationem. Consequuntur voluptatem fuga nesciunt. Fugit voluptatem consectetur sint quo consequatur.','2026-02-21 17:44:47'),
('23','23','23','Enim ut et fugit aut iure. Sed ipsa quis provident ut est nostrum. Esse et libero nobis nihil quisquam nam cum harum. Non qui maxime fuga enim est ipsum asperiores. Ratione magnam iste qui dignissimos asperiores.','1989-11-05 19:20:46'),
('24','24','24','Doloribus magnam quidem itaque dolore. Est eveniet dignissimos et consequatur voluptatem. Cupiditate et commodi nesciunt qui assumenda ad. Quia tempora et sit est.','1999-06-20 02:22:09'),
('25','25','25','Impedit ea unde odit delectus expedita consequuntur et. At recusandae ea ea perferendis totam. Veritatis rerum consectetur quis magni sunt. Consequatur iure optio optio occaecati nam dignissimos ut.','1970-09-15 23:01:28'),
('26','26','26','Aut rerum temporibus aut veniam. Est tempore nemo ratione iusto aut quia. Saepe eaque voluptates est et in aut quia.','2013-06-10 21:16:41'),
('27','27','27','Inventore fuga aliquam consequuntur quod porro quisquam. Dolorem sint dolor distinctio sit velit sed.','2025-08-30 09:31:50'),
('28','28','28','Eveniet ea odit tempore fuga autem ut. Ut non qui autem voluptatem et sunt excepturi laboriosam. Sit rerum minus qui ipsa quod nisi ut voluptas.','1992-02-29 21:40:22'),
('29','29','29','Quo nemo voluptate praesentium qui aut. Facere nulla sed tenetur excepturi sapiente ducimus. Qui sapiente et veritatis vero inventore voluptas aut.','1998-01-16 10:53:19'),
('30','30','30','Explicabo et vitae id praesentium doloremque. Doloremque et repudiandae asperiores. Eius voluptatibus ullam earum dolorem et tempora.','2007-01-29 18:52:28'),
('31','31','31','Voluptatum aperiam modi adipisci qui quasi. Enim consequatur quod impedit voluptas. Accusantium nisi ut et commodi eum ex unde. Quisquam qui occaecati asperiores odit distinctio sit ut.','2013-06-02 05:27:10'),
('32','32','32','Voluptatem odit dignissimos rerum omnis. Dolor non repellendus odio ipsa est. Consequatur esse quo et in quasi corporis est.','1984-03-02 16:44:22'),
('33','33','33','Saepe alias illo harum. Vel at minus modi nobis sit vel magni. Quae voluptatibus voluptate voluptatem recusandae id suscipit optio.','2016-09-18 19:39:49'),
('34','34','34','Unde distinctio cupiditate eligendi quibusdam tempora natus earum. Cupiditate aut et recusandae perferendis ut odio.','1976-10-29 12:32:24'),
('35','35','35','Deserunt a sapiente ab expedita culpa. Debitis ut eligendi deserunt sed consequatur commodi molestias. Nostrum earum dolorem nemo accusamus. Voluptatum sunt ipsam nisi nam consequuntur velit eaque earum.','1977-09-03 05:05:14'),
('36','36','36','Perferendis vel sunt eveniet accusantium laboriosam at distinctio quis. Fuga voluptatem ad similique aut aut.','1987-08-26 11:41:58'),
('37','37','37','Numquam sit harum est aut et culpa vel quo. Qui magni fuga libero et sunt corrupti non. Saepe quam non temporibus odit. Occaecati qui at rerum.','1981-11-20 01:53:42'),
('38','38','38','Suscipit qui cum nemo ab rerum. Iure dolorem sint ut in ut dolores qui vel. Et occaecati possimus corporis in officia. Exercitationem aut et amet dolorum. Aut laboriosam eos et rerum aut qui ut.','2000-08-06 04:15:58'),
('39','39','39','Labore debitis excepturi aut dignissimos unde aut. Et ipsa ipsam quisquam sint. Et quia consequatur omnis laborum est sunt.','1997-02-25 03:30:45'),
('40','40','40','Inventore ea veniam nihil eveniet. Ipsam ut dignissimos ratione sapiente. Nam sapiente quisquam libero sapiente iusto. Vel nemo molestiae omnis non eum adipisci. Recusandae fugit eum dolore quidem nemo tenetur et.','1979-02-08 15:29:15'),
('41','41','41','Maiores ipsum nemo deserunt eos ut quis itaque. Culpa facere est atque optio sequi. Veniam eligendi voluptatem et voluptatem.','1974-07-14 09:32:26'),
('42','42','42','Ex et et magni ut. Dolorum quaerat ipsum nisi debitis nesciunt. Est facere quasi possimus similique nihil.','2000-01-10 11:23:43'),
('43','43','43','Occaecati rerum modi enim est deleniti ex voluptas. Consequuntur saepe quae quis sit esse. Suscipit et nihil qui aut. Et hic autem nisi est ea.','1993-02-07 00:23:27'),
('44','44','44','Ducimus non ipsa deleniti sunt iste numquam quas est. Hic est natus optio aut sunt fugit. Sit omnis qui officia et. Aspernatur expedita voluptatem nostrum ab id.','2027-09-13 02:22:50'),
('45','45','45','Assumenda quis est accusamus eius distinctio distinctio aut vel. Autem laboriosam esse iste sit. Voluptatibus enim quos eaque aut enim ex tempore.','2014-03-30 15:10:54'),
('46','46','46','Ipsum facere expedita aut et debitis cumque voluptatibus laboriosam. Impedit dolorem rerum quia. Quam officiis vitae eos voluptatem quo.','1992-01-04 10:32:04'),
('47','47','47','Sit dolor error in aut. Enim velit eaque minima commodi. Quidem perspiciatis ut in autem. Enim aut eius voluptas mollitia est eum impedit fugiat.','1972-01-04 08:28:19'),
('48','48','48','Eos reprehenderit id illum aliquid. Nostrum enim itaque quia corporis. Aspernatur sit voluptate explicabo et. Non dolore rerum soluta tempore nulla modi officia. Voluptate consequuntur et aperiam molestias.','2012-09-12 02:33:02'),
('49','49','49','Excepturi temporibus quaerat corrupti qui cum nemo repudiandae alias. Id facere similique repellendus quas.','2007-09-11 20:20:04'),
('50','50','50','Minus sapiente nulla aut vitae accusamus quis enim. Sit voluptatem quia totam. Consequatur velit aut officia est labore. Blanditiis quisquam dicta sed qui explicabo perferendis non.','2007-02-25 22:06:37'),
('51','51','51','Ea nobis rerum asperiores incidunt aut illo dolorum. Quis repellat ut molestiae. Consequatur placeat soluta sapiente error.','1987-06-16 11:58:21'),
('52','52','52','Nam at laboriosam quia fuga aut. Inventore eum magnam cumque est et voluptas doloribus. Quia consequuntur blanditiis nihil suscipit et. Facere ex explicabo sed natus quia.','1999-05-25 10:42:24'),
('53','53','53','Maiores sed aut sint vero et eaque atque voluptas. Quidem est non voluptatem dolor. Et nostrum amet aliquid nesciunt ex corporis autem. Accusamus aut magnam voluptatibus reiciendis sequi. Consectetur natus dignissimos distinctio odio.','1976-09-18 05:30:46'),
('54','54','54','Enim provident ullam sunt ab. Nostrum ipsam saepe est ut. Veniam voluptas omnis fugiat possimus. Perferendis quod quia cum et possimus.','1990-10-30 02:58:19'),
('55','55','55','Vero ut in fugit cupiditate. Eveniet non nobis omnis. Doloribus beatae ut cum at. Sunt omnis aliquam itaque in iusto. Neque numquam debitis eos sunt.','1975-11-09 22:39:41'),
('56','56','56','Numquam repudiandae corrupti iste vitae. Soluta id non voluptas eaque et. Nihil illum sunt culpa molestiae soluta ratione reprehenderit. Accusamus eligendi facilis quis modi quisquam dolor.','1981-04-10 13:34:16'),
('57','57','57','Illo est fuga a. Ipsa ut commodi quia. Aut distinctio nam voluptatem consequatur. Fuga ut voluptate fuga atque.','2018-05-06 08:16:34'),
('58','58','58','Voluptas voluptatum cum et minus repudiandae. Dicta sed voluptas consectetur quos. Vero quam velit aut consequuntur quo. Aliquid quis ut aut corporis sit alias nisi. Repellendus aut aspernatur dolor et alias tenetur voluptatem blanditiis.','1975-01-01 10:36:30'),
('59','59','59','Impedit dolores fugiat fugit rem sit unde. Non sed qui dolor ex et. Recusandae commodi deleniti ut consectetur.','1987-10-31 09:20:14'),
('60','60','60','Soluta a rerum id ad et est laudantium. Dignissimos natus id laboriosam nobis cum perferendis dolores. Quia exercitationem sunt quidem ipsam qui incidunt magni.','2009-02-15 00:48:59'),
('61','61','61','Natus temporibus libero quisquam voluptas ullam dolore consequatur. Iusto consequatur omnis aut mollitia. Neque voluptatem quia quis enim.','1985-06-05 14:14:42'),
('62','62','62','Sint sed voluptates vitae aliquam vero. Aut incidunt sed et harum fuga assumenda. Et cumque et qui. Laborum tenetur explicabo consequatur et voluptate expedita harum porro.','2024-03-31 02:59:15'),
('63','63','63','Autem temporibus quia quisquam voluptatum itaque cum provident. Dolores adipisci dolorem explicabo consequatur quos. Dolore possimus maiores rerum voluptas natus aut ratione.','1988-04-25 05:33:47'),
('64','64','64','Eum sed ullam sint sit. Eaque tempora aut accusantium minima numquam et. Nihil illum et iure aut.','1990-07-12 06:35:11'),
('65','65','65','Veritatis vel sint ut nihil velit consequatur molestiae. Quod impedit molestiae iste delectus cum voluptatem. Et id ut quidem veniam ut. Dolore cupiditate perspiciatis sed architecto autem. Ut id sunt ea porro vero iste vitae.','2012-11-17 01:24:01'),
('66','66','66','Ut nulla rerum qui quod qui quia aperiam. Iusto est ad dolore consequatur. Assumenda consequatur tempora nesciunt laborum voluptas nam.','2019-03-02 21:28:59'),
('67','67','67','Consectetur esse quos rerum saepe debitis. Rem id sint possimus beatae sit quia ex. Non doloremque suscipit impedit vel quia quia quia quibusdam. Voluptate alias velit at quia adipisci illo aut.','1996-12-31 16:35:51'),
('68','68','68','Exercitationem atque quisquam sint eveniet quibusdam cupiditate ut. Repudiandae rerum odio quis aut totam quaerat.','2007-05-25 20:22:28'),
('69','69','69','Pariatur id ab et facilis laborum et. Ut nisi est in provident. Deleniti nisi doloremque ea velit ipsa et facere.','1974-11-07 21:15:54'),
('70','70','70','Sit voluptate eos repudiandae natus consequuntur esse. Commodi quibusdam qui autem aut et necessitatibus.','1986-08-21 07:50:50'),
('71','71','71','Cupiditate est alias vel nulla veritatis. Eum sint tempore deleniti laboriosam accusantium voluptas sed. Ipsa dicta hic quia vero dolorum quia laboriosam. Cum et accusantium fugit mollitia eveniet.','2016-11-12 11:23:37'),
('72','72','72','Unde facilis dolores excepturi eligendi molestiae. Natus reprehenderit possimus accusantium cumque voluptas laboriosam incidunt.','2003-04-23 14:19:36'),
('73','73','73','Laboriosam sint molestiae aut et repellat enim minus. Earum ut deleniti quas. Molestiae voluptatem aut est.','1999-11-10 07:38:08'),
('74','74','74','In minus possimus qui nulla libero. Aut consequatur odit dolore ratione doloremque odio. Earum perspiciatis explicabo quia rerum et et ab voluptas. Et non vel omnis accusamus eos nisi veritatis sit.','1982-05-05 06:41:17'),
('75','75','75','Officiis enim pariatur adipisci cupiditate consequatur. Vel tempore voluptate sint odio eum recusandae.','1991-12-13 04:22:41'),
('76','76','76','Eius dolor voluptatem explicabo. Ab non error neque magni deleniti sed. Nam nisi ea quo quia impedit. Facilis numquam praesentium odio. Esse laudantium cumque et pariatur maxime.','2000-07-15 11:07:10'),
('77','77','77','Quasi at placeat eius maxime ea asperiores. Ipsum et repellendus odio error est. Nihil ducimus mollitia dicta ut.','1989-05-10 14:56:03'),
('78','78','78','Quisquam dolorem porro enim impedit aut. Dolores nulla quis facilis fugit repudiandae quis corrupti. Voluptatem voluptates voluptates sit fugit est quae tenetur. Mollitia magni laudantium a magni aut.','1986-07-07 22:37:13'),
('79','79','79','Accusantium et qui id nam nisi omnis explicabo. Excepturi ad hic molestiae sunt dolorum ut dolor. Similique odit natus nulla possimus dolorum eaque. Unde nam id dolore est.','1977-07-13 23:30:00'),
('80','80','80','Eveniet maiores soluta magni odio ut qui natus dolor. Excepturi sunt voluptatem iste eum quaerat nobis. Molestias tempore iure quas dolore molestiae non voluptatum inventore.','2011-05-02 12:37:20'),
('81','81','81','Accusantium esse maiores harum. Velit impedit molestiae vero nam iusto commodi. Laboriosam maiores aliquid et quos assumenda. Provident blanditiis voluptatem aspernatur.','2004-05-15 19:16:57'),
('82','82','82','Cum doloremque assumenda accusantium dolorem eos distinctio. Sunt provident error in enim. Dolores maiores laboriosam dignissimos ut officiis.','1988-08-01 10:25:16'),
('83','83','83','Qui illo voluptas debitis veniam consequuntur qui. Excepturi dolorum debitis rerum minus dolorem placeat. Fugiat dignissimos soluta sequi magnam. Facilis est minus asperiores excepturi velit consequuntur sed voluptas.','1987-09-19 19:32:55'),
('84','84','84','Recusandae voluptas aut minus maiores dolor doloribus. Quasi architecto repellat aut aliquam consequatur sit. Ipsum aut unde velit sunt. Nemo quae dolores eos. Corporis qui tempore aliquid maiores voluptas.','2014-12-07 06:30:10'),
('85','85','85','Id amet sint et ratione et accusamus. Odit dignissimos voluptas vero dolores distinctio quia voluptatem dolorum.','1993-04-24 13:39:29'),
('86','86','86','Id est labore neque eligendi omnis. Ipsam accusantium repellat suscipit excepturi consequuntur ut eos. Neque consequatur est dolores. Distinctio quasi dolor delectus.','1988-07-24 02:00:57'),
('87','87','87','Dolor quo consequatur harum natus ut odit hic. Aut quia error voluptatem ab facere. Qui nihil sed explicabo.','2005-10-17 00:03:35'),
('88','88','88','Expedita dolores ipsam temporibus dolores laboriosam ea. Ipsum deserunt rerum quo dolorem quidem dolor. Debitis non qui et et qui.','2018-08-18 15:43:26'),
('89','89','89','Earum praesentium ipsum repudiandae quas sint magnam consequatur. Aut aut dolor facere. Numquam nisi velit distinctio ut reiciendis.','1988-09-10 20:27:09'),
('90','90','90','Iusto aliquam quia nostrum ut. Explicabo asperiores dignissimos et soluta quasi. Molestiae ipsam quo rerum pariatur harum ad.','1980-09-30 07:07:04'),
('91','91','91','Unde eos sed quibusdam est officia autem. Facere esse sit non voluptas est quos. Quis molestiae nemo deserunt modi voluptas voluptates. Harum odit minima quia consequatur ex quisquam inventore.','1972-07-27 04:03:48'),
('92','92','92','Porro molestias iusto et nihil tempora. Distinctio ab voluptatibus et quos est quia. Quasi incidunt soluta est.','1985-08-03 16:52:31'),
('93','93','93','Est amet sint quos. Esse itaque distinctio harum exercitationem qui est deserunt.','1981-05-27 00:05:44'),
('94','94','94','Ratione aut consectetur id aspernatur. Enim ratione ea accusamus aspernatur quia consectetur. Sunt provident rerum deleniti corporis laborum reprehenderit iusto maiores. Repudiandae aut optio animi amet sit nihil.','1973-04-08 19:53:09'),
('95','95','95','Qui quia deleniti qui et minus quisquam. Laudantium blanditiis eum fugit et provident qui aliquid. Qui voluptas sit est et laborum. Ullam maxime vitae dolor aspernatur.','1986-12-29 09:37:39'),
('96','96','96','Similique quae aliquid nihil autem consequatur nulla qui. Iure molestiae qui animi iste. Quasi qui atque consequuntur sit fugit at assumenda. Alias velit et ea ut. Consequatur expedita quia quas officia quas alias.','1970-09-13 01:54:50'),
('97','97','97','Debitis ipsa dolor non possimus. Accusantium sunt reiciendis cumque repellat nulla incidunt rem. Quae reprehenderit dolor numquam dolore id sit.','1989-09-16 05:15:40'),
('98','98','98','Nesciunt aperiam ut voluptates omnis odio velit tenetur. Ut voluptate ex voluptate sed. Voluptatem explicabo non voluptatum quia. Quam fugiat aut asperiores.','1995-08-03 06:13:21'),
('99','99','99','Fuga ab quod aut magni ipsum iure adipisci nulla. Vel dignissimos aut omnis et dolor distinctio.','1996-10-20 00:13:00'),
('100','100','100','Dicta et qui voluptate assumenda atque. Dolorum blanditiis eum non dignissimos. Cum non vitae fugit repellat adipisci iste laboriosam.','1988-12-07 09:13:21'); 


DROP TABLE IF EXISTS `photo_albums`;
CREATE TABLE `photo_albums` (
  `id` bigint(20) unsigned NOT NULL AUTO_INCREMENT,
  `name` varchar(255) COLLATE utf8_unicode_ci DEFAULT NULL,
  `user_id` bigint(20) unsigned DEFAULT NULL,
  PRIMARY KEY (`id`),
  UNIQUE KEY `id` (`id`),
  KEY `user_id` (`user_id`),
  CONSTRAINT `photo_albums_ibfk_1` FOREIGN KEY (`user_id`) REFERENCES `users` (`id`)
) ENGINE=InnoDB AUTO_INCREMENT=101 DEFAULT CHARSET=utf8 COLLATE=utf8_unicode_ci;

INSERT INTO `photo_albums` VALUES ('1','et','1'),
('2','est','2'),
('3','quod','3'),
('4','tempora','4'),
('5','ut','5'),
('6','est','6'),
('7','voluptatem','7'),
('8','culpa','8'),
('9','distinctio','9'),
('10','numquam','10'),
('11','nihil','11'),
('12','qui','12'),
('13','enim','13'),
('14','natus','14'),
('15','et','15'),
('16','consequatur','16'),
('17','odio','17'),
('18','perspiciatis','18'),
('19','et','19'),
('20','debitis','20'),
('21','ut','21'),
('22','quod','22'),
('23','laboriosam','23'),
('24','est','24'),
('25','ut','25'),
('26','magnam','26'),
('27','qui','27'),
('28','ipsam','28'),
('29','suscipit','29'),
('30','debitis','30'),
('31','dolorem','31'),
('32','in','32'),
('33','recusandae','33'),
('34','accusantium','34'),
('35','molestias','35'),
('36','soluta','36'),
('37','rerum','37'),
('38','minima','38'),
('39','alias','39'),
('40','est','40'),
('41','sed','41'),
('42','tempore','42'),
('43','ullam','43'),
('44','libero','44'),
('45','explicabo','45'),
('46','quaerat','46'),
('47','id','47'),
('48','deserunt','48'),
('49','saepe','49'),
('50','quam','50'),
('51','blanditiis','51'),
('52','sit','52'),
('53','aut','53'),
('54','consequatur','54'),
('55','quasi','55'),
('56','minima','56'),
('57','qui','57'),
('58','totam','58'),
('59','non','59'),
('60','quis','60'),
('61','repellendus','61'),
('62','non','62'),
('63','enim','63'),
('64','aspernatur','64'),
('65','et','65'),
('66','nemo','66'),
('67','voluptatum','67'),
('68','quos','68'),
('69','et','69'),
('70','consequatur','70'),
('71','quasi','71'),
('72','aut','72'),
('73','aut','73'),
('74','numquam','74'),
('75','sed','75'),
('76','facilis','76'),
('77','sed','77'),
('78','ratione','78'),
('79','est','79'),
('80','id','80'),
('81','veniam','81'),
('82','quis','82'),
('83','autem','83'),
('84','excepturi','84'),
('85','expedita','85'),
('86','itaque','86'),
('87','aut','87'),
('88','non','88'),
('89','voluptas','89'),
('90','non','90'),
('91','ut','91'),
('92','tempora','92'),
('93','qui','93'),
('94','aut','94'),
('95','delectus','95'),
('96','sit','96'),
('97','quos','97'),
('98','voluptatem','98'),
('99','nostrum','99'),
('100','sed','100'); 


DROP TABLE IF EXISTS `photos`;
CREATE TABLE `photos` (
  `id` bigint(20) unsigned NOT NULL AUTO_INCREMENT,
  `album_id` bigint(20) unsigned NOT NULL,
  `media_id` bigint(20) unsigned NOT NULL,
  UNIQUE KEY `id` (`id`),
  KEY `album_id` (`album_id`),
  KEY `media_id` (`media_id`),
  CONSTRAINT `photos_ibfk_1` FOREIGN KEY (`album_id`) REFERENCES `photo_albums` (`id`),
  CONSTRAINT `photos_ibfk_2` FOREIGN KEY (`media_id`) REFERENCES `media` (`id`)
) ENGINE=InnoDB DEFAULT CHARSET=utf8 COLLATE=utf8_unicode_ci;

INSERT INTO `photos` VALUES ('1','1','1'),
('2','2','2'),
('3','3','3'),
('4','4','4'),
('5','5','5'),
('6','6','6'),
('7','7','7'),
('8','8','8'),
('9','9','9'),
('10','10','10');

DROP TABLE IF EXISTS `profiles`;
CREATE TABLE `profiles` (
  `user_id` bigint(20) unsigned NOT NULL,
  `gender` char(1) COLLATE utf8_unicode_ci DEFAULT NULL,
  `birthday` date DEFAULT NULL,
  `photo_id` bigint(20) unsigned DEFAULT NULL,
  `created_at` datetime DEFAULT current_timestamp(),
  `hometown` varchar(100) COLLATE utf8_unicode_ci DEFAULT NULL,
  UNIQUE KEY `user_id` (`user_id`),
  CONSTRAINT `fk_user_id` FOREIGN KEY (`user_id`) REFERENCES `users` (`id`) ON DELETE NO ACTION ON UPDATE CASCADE
) ENGINE=InnoDB DEFAULT CHARSET=utf8 COLLATE=utf8_unicode_ci;

INSERT INTO `profiles` VALUES ('1','M','1976-03-12','1','1973-12-25 09:31:58',NULL),
('2','W','1988-07-26','2','1987-09-05 09:03:06',NULL),
('3','W','1994-04-08','3','2018-09-24 11:41:09',NULL),
('4','M','1994-09-26','4','2011-12-02 06:34:59',NULL),
('5','M','2009-03-03','5','1985-10-11 22:29:34',NULL),
('6','M','2008-06-23','6','2002-07-02 07:10:20',NULL),
('7','W','1999-10-15','7','2004-12-23 20:30:08',NULL),
('8','W','2008-07-25','8','2000-09-01 18:30:53',NULL),
('9','M','2012-06-06','9','2018-05-04 12:48:40',NULL),
('10','W','2008-11-21','10','1998-12-13 08:52:11',NULL),
('11','W','2008-12-23','11','2000-07-05 15:33:01',NULL),
('12','W','1976-02-25','12','2002-05-11 18:00:18',NULL),
('13','W','1994-06-08','13','2014-06-02 07:19:00',NULL),
('14','M','1975-05-24','14','1977-02-28 07:06:54',NULL),
('15','M','2007-02-19','15','2010-03-16 10:58:51',NULL),
('16','W','1984-06-02','16','2008-01-13 10:24:12',NULL),
('17','W','1995-05-13','17','1997-03-21 18:48:50',NULL),
('18','W','1983-06-12','18','1982-07-10 11:53:43',NULL),
('19','M','2018-02-13','19','2017-11-23 18:20:36',NULL),
('20','M','2005-08-10','20','2015-11-29 11:38:48',NULL),
('21','W','1992-08-30','21','1980-04-27 04:00:13',NULL),
('22','M','2008-06-30','22','2011-10-15 15:08:29',NULL),
('23','M','1970-07-30','23','1981-06-09 23:53:13',NULL),
('24','M','1975-04-23','24','2018-07-15 14:02:21',NULL),
('25','W','1980-10-19','25','2005-02-26 02:27:58',NULL),
('26','W','1987-09-26','26','1975-05-22 14:04:31',NULL),
('27','W','1997-05-23','27','1999-12-23 02:26:13',NULL),
('28','W','2003-03-30','28','2012-06-14 04:56:40',NULL),
('29','M','1992-11-04','29','1987-02-14 15:24:17',NULL),
('30','M','2016-02-27','30','2010-03-21 20:14:16',NULL),
('31','M','1977-06-27','31','2011-01-28 00:40:25',NULL),
('32','W','1977-05-15','32','2002-02-20 19:07:58',NULL),
('33','M','1979-02-25','33','2009-11-04 14:14:16',NULL),
('34','W','1992-03-28','34','2008-07-10 04:33:02',NULL),
('35','W','1979-11-17','35','1976-03-08 18:52:52',NULL),
('36','M','2019-08-12','36','2014-03-18 04:09:32',NULL),
('37','M','2005-10-22','37','2019-01-28 03:09:55',NULL),
('38','W','2020-01-12','38','1985-10-11 08:17:09',NULL),
('39','M','2001-12-10','39','2006-01-20 22:06:12',NULL),
('40','W','1987-07-09','40','1972-01-20 18:52:49',NULL),
('41','M','2017-01-05','41','2000-07-04 17:42:23',NULL),
('42','M','1993-01-05','42','2016-06-05 23:13:28',NULL),
('43','M','2013-08-15','43','2008-12-01 17:52:59',NULL),
('44','M','1983-03-08','44','1985-08-17 09:18:29',NULL),
('45','W','1987-02-07','45','2002-09-22 14:02:21',NULL),
('46','M','1975-11-13','46','1984-08-03 16:20:36',NULL),
('47','M','1993-03-06','47','2002-07-12 06:22:03',NULL),
('48','M','2019-05-31','48','1997-08-15 23:30:56',NULL),
('49','M','1977-10-02','49','1985-11-19 19:38:24',NULL),
('50','W','1983-10-25','50','1981-08-20 06:26:37',NULL),
('51','M','2003-06-28','51','1992-01-23 07:25:24',NULL),
('52','M','2006-07-21','52','2010-01-22 12:06:07',NULL),
('53','W','2017-12-23','53','1998-10-15 15:21:53',NULL),
('54','W','1994-09-14','54','1986-06-30 15:03:36',NULL),
('55','M','2006-10-21','55','1984-04-04 23:48:43',NULL),
('56','W','1972-07-22','56','2016-10-15 21:57:18',NULL),
('57','W','1979-01-30','57','2002-08-21 23:43:40',NULL),
('58','W','1984-08-28','58','1970-10-30 16:21:55',NULL),
('59','W','1989-01-06','59','2008-01-21 07:06:28',NULL),
('60','M','1981-02-24','60','1982-05-09 02:55:14',NULL),
('61','M','2006-11-07','61','1974-02-21 04:15:29',NULL),
('62','M','2004-07-25','62','2004-01-21 12:26:03',NULL),
('63','W','1973-09-15','63','2019-01-08 22:42:54',NULL),
('64','M','1986-08-15','64','1974-03-03 20:09:31',NULL),
('65','W','1981-08-18','65','2004-12-27 16:20:33',NULL),
('66','W','2002-07-20','66','2003-02-01 06:57:31',NULL),
('67','M','1976-01-22','67','1975-07-22 20:51:06',NULL),
('68','M','1986-07-02','68','1983-06-27 13:41:54',NULL),
('69','W','2002-11-18','69','1975-08-09 01:18:31',NULL),
('70','M','1977-07-09','70','2016-05-29 14:50:13',NULL),
('71','W','2001-08-02','71','1976-02-28 03:05:37',NULL),
('72','W','1992-04-05','72','1990-02-10 02:17:50',NULL),
('73','W','1981-09-26','73','1992-09-15 11:00:52',NULL),
('74','W','2011-07-29','74','2017-06-24 17:28:44',NULL),
('75','M','1980-01-27','75','1971-05-26 20:27:40',NULL),
('76','M','1998-07-26','76','2009-10-27 09:49:56',NULL),
('77','M','2016-07-08','77','2007-09-29 23:41:09',NULL),
('78','W','2017-07-18','78','2010-08-10 21:43:49',NULL),
('79','W','1989-04-17','79','1991-03-07 09:21:19',NULL),
('80','W','1998-07-11','80','2013-08-02 10:01:39',NULL),
('81','M','1989-07-31','81','2002-02-07 13:31:36',NULL),
('82','W','1985-03-16','82','1970-01-18 21:40:10',NULL),
('83','M','2016-08-04','83','1996-12-16 18:07:19',NULL),
('84','M','2009-10-22','84','1989-08-05 10:04:33',NULL),
('85','W','2019-09-22','85','1973-02-28 03:24:18',NULL),
('86','W','1990-07-04','86','1997-01-23 23:13:54',NULL),
('87','W','2008-03-24','87','1997-12-17 00:53:58',NULL),
('88','M','1979-08-15','88','1988-10-13 03:47:14',NULL),
('89','M','2013-07-04','89','1981-10-01 06:45:24',NULL),
('90','M','1987-03-20','90','2015-11-13 02:28:57',NULL),
('91','W','1987-09-30','91','1971-11-26 11:35:41',NULL),
('92','M','1980-05-11','92','2016-05-12 02:16:39',NULL),
('93','M','2009-12-22','93','1992-08-21 18:26:38',NULL),
('94','W','1984-12-11','94','2009-09-20 19:56:21',NULL),
('95','M','1978-08-18','95','1975-08-26 19:15:02',NULL),
('96','W','1994-01-21','96','1985-01-27 19:29:08',NULL),
('97','W','1992-10-04','97','1988-09-09 17:50:24',NULL),
('98','M','1998-11-25','98','2004-07-28 10:16:11',NULL),
('99','M','1985-03-12','99','2001-08-11 13:10:42',NULL),
('100','M','2009-07-29','100','1993-10-20 11:22:45',NULL); 





DROP TABLE IF EXISTS `users_communities`;
CREATE TABLE `users_communities` (
  `user_id` bigint(20) unsigned NOT NULL,
  `community_id` bigint(20) unsigned NOT NULL,
  PRIMARY KEY (`user_id`,`community_id`),
  KEY `community_id` (`community_id`),
  CONSTRAINT `users_communities_ibfk_1` FOREIGN KEY (`user_id`) REFERENCES `users` (`id`),
  CONSTRAINT `users_communities_ibfk_2` FOREIGN KEY (`community_id`) REFERENCES `communities` (`id`)
) ENGINE=InnoDB DEFAULT CHARSET=utf8 COLLATE=utf8_unicode_ci;

INSERT INTO `users_communities` VALUES ('1','1'),
('2','2'),
('3','3'),
('4','4'),
('5','5'),
('6','6'),
('7','7'),
('8','8'),
('9','9'),
('10','10'),
('11','11'),
('12','12'),
('13','13'),
('14','14'),
('15','15'),
('16','16'),
('17','17'),
('18','18'),
('19','19'),
('20','20'),
('21','21'),
('22','22'),
('23','23'),
('24','24'),
('25','25'),
('26','26'),
('27','27'),
('28','28'),
('29','29'),
('30','30'),
('31','31'),
('32','32'),
('33','33'),
('34','34'),
('35','35'),
('36','36'),
('37','37'),
('38','38'),
('39','39'),
('40','40'),
('41','41'),
('42','42'),
('43','43'),
('44','44'),
('45','45'),
('46','46'),
('47','47'),
('48','48'),
('49','49'),
('50','50'),
('51','51'),
('52','52'),
('53','53'),
('54','54'),
('55','55'),
('56','56'),
('57','57'),
('58','58'),
('59','59'),
('60','60'),
('61','61'),
('62','62'),
('63','63'),
('64','64'),
('65','65'),
('66','66'),
('67','67'),
('68','68'),
('69','69'),
('70','70'),
('71','71'),
('72','72'),
('73','73'),
('74','74'),
('75','75'),
('76','76'),
('77','77'),
('78','78'),
('79','79'),
('80','80'),
('81','81'),
('82','82'),
('83','83'),
('84','84'),
('85','85'),
('86','86'),
('87','87'),
('88','88'),
('89','89'),
('90','90'),
('91','91'),
('92','92'),
('93','93'),
('94','94'),
('95','95'),
('96','96'),
('97','97'),
('98','98'),
('99','99'),
('100','100'); 




/*!40101 SET SQL_MODE=@OLD_SQL_MODE */;
/*!40014 SET FOREIGN_KEY_CHECKS=@OLD_FOREIGN_KEY_CHECKS */;
/*!40014 SET UNIQUE_CHECKS=@OLD_UNIQUE_CHECKS */;
/*!40101 SET CHARACTER_SET_CLIENT=@OLD_CHARACTER_SET_CLIENT */;
/*!40101 SET CHARACTER_SET_RESULTS=@OLD_CHARACTER_SET_RESULTS */;
/*!40101 SET COLLATION_CONNECTION=@OLD_COLLATION_CONNECTION */;
/*!40111 SET SQL_NOTES=@OLD_SQL_NOTES */;



/************* Task 2 *************************************************************************************************/
/* ii. Написать скрипт, возвращающий список имен (только firstname) пользователей без повторений в алфавитном порядке */
/**********************************************************************************************************************/
SELECT DISTINCT firstname 
FROM users
ORDER BY firstname; 

/************* Task 3 *************************************************************************************************/
/* iii. Написать скрипт, отмечающий несовершеннолетних пользователей как неактивных (поле is_active = false).  		  */
/* Предварительно добавить такое поле в таблицу profiles со значением по умолчанию = true (или 1)					  */
/**********************************************************************************************************************/
ALTER TABLE profiles 
ADD COLUMN is_active BOOLEAN DEFAULT TRUE NOT NULL;

UPDATE profiles SET is_active = FALSE 
WHERE YEAR(CURDATE()) - YEAR(birthday) < 18;

/************* Task 4 *************************************************************************************************/
/* iv. Написать скрипт, удаляющий сообщения «из будущего» (дата больше сегодняшней)                         		  */
/**********************************************************************************************************************/
DELETE FROM messages 
WHERE created_at > NOW();

